DomainName,IDN,TLD,DomainType,Status,IPv4
ablackberry.com,ablackberry.com,com,IN_DOMAIN,ACTIVE,74.208.236.14
cateringguy.com,cateringguy.com,com,ON_DOMAIN,ACTIVE,74.208.236.98
didyou.net,didyou.net,net,ON_DOMAIN,ACTIVE,74.208.236.73
didyoucall.com,didyoucall.com,com,ON_DOMAIN,ACTIVE,74.208.236.14
didyoucook.com,didyoucook.com,com,ON_DOMAIN,ACTIVE,74.208.236.14
didyoudance.com,didyoudance.com,com,ON_DOMAIN,ACTIVE,74.208.236.173
didyoudate.com,didyoudate.com,com,ON_DOMAIN,ACTIVE,74.208.236.173
didyoudrive.com,didyoudrive.com,com,ON_DOMAIN,ACTIVE,74.208.236.173
didyouinvest.com,didyouinvest.com,com,ON_DOMAIN,ACTIVE,74.208.236.14
didyoulearn.com,didyoulearn.com,com,ON_DOMAIN,ACTIVE,74.208.236.173
didyoulisten.com,didyoulisten.com,com,ON_DOMAIN,ACTIVE,74.208.236.14
didyoulive.com,didyoulive.com,com,ON_DOMAIN,ACTIVE,74.208.236.173
didyoulove.com,didyoulove.com,com,ON_DOMAIN,ACTIVE,74.208.236.173
didyouread.com,didyouread.com,com,ON_DOMAIN,ACTIVE,74.208.236.173
didyousell.com,didyousell.com,com,ON_DOMAIN,ACTIVE,74.208.236.14
didyoushop.com,didyoushop.com,com,ON_DOMAIN,ACTIVE,74.208.236.173
didyoutalk.com,didyoutalk.com,com,ON_DOMAIN,ACTIVE,74.208.236.14
didyoutaste.com,didyoutaste.com,com,ON_DOMAIN,ACTIVE,74.208.236.14
didyoutravel.com,didyoutravel.com,com,ON_DOMAIN,ACTIVE,74.208.236.102
didyouvote.org,didyouvote.org,org,ON_DOMAIN,ACTIVE,74.208.236.102
didyouwatch.com,didyouwatch.com,com,ON_DOMAIN,ACTIVE,74.208.236.14
eyedots.com,eyedots.com,com,ON_DOMAIN,ACTIVE,74.208.236.162
facedots.com,facedots.com,com,ON_DOMAIN,ACTIVE,74.208.236.245
goaliecamp.com,goaliecamp.com,com,ON_DOMAIN,ACTIVE,74.208.236.14
guglietta.com,guglietta.com,com,ON_DOMAIN,ACTIVE,74.208.236.73
iajsl.com,iajsl.com,com,ON_DOMAIN,ACTIVE,217.160.0.15
johnnydrain.com,johnnydrain.com,com,X_DOMAIN,ACTIVE,74.208.236.73
johnnydrains.com,johnnydrains.com,com,X_DOMAIN,ACTIVE,74.208.236.73
lukolic.com,lukolic.com,com,ON_DOMAIN,ACTIVE,74.208.236.98
nadiakhattak.com,nadiakhattak.com,com,X_DOMAIN,ACTIVE,74.208.236.73
ninoguglietta.com,ninoguglietta.com,com,ON_DOMAIN,ACTIVE,74.208.236.14
nycomedians.com,nycomedians.com,com,ON_DOMAIN,ACTIVE,74.208.236.14
premiersoccercamp.com,premiersoccercamp.com,com,ON_DOMAIN,ACTIVE,74.208.236.65
soniaguglietta.com,soniaguglietta.com,com,ON_DOMAIN,ACTIVE,74.208.236.14
sophiaguglietta.com,sophiaguglietta.com,com,ON_DOMAIN,ACTIVE,74.208.236.194
topbagels.com,topbagels.com,com,ON_DOMAIN,ACTIVE,74.208.236.14
utopiabagels.com,utopiabagels.com,com,ON_DOMAIN,ACTIVE,74.208.236.14
videodots.com,videodots.com,com,ON_DOMAIN,ACTIVE,74.208.236.14
